E00056750,276
E00056751,288
E00056752,419
E00056753,266
E00056754,257
E00056755,335
E00056756,321
E00056757,614
E00056758,443
E00056759,276
E00056760,275
E00056761,298
E00056762,490
E00056763,308
E00056764,373
E00056765,326
E00056766,381
E00056767,269
E00056768,371
E00056769,299
E00056770,307
E00056771,259
E00056772,495
E00056773,315
E00056774,136
E00056775,278
E00056776,308
E00056777,270
E00056778,127
E00056779,544
E00056780,174
E00056781,299
E00056782,319
E00056783,313
E00056784,243
E00056787,221
E00056788,320
E00056789,363
E00056790,510
E00056792,356
E00056793,338
E00056794,321
E00056795,271
E00056796,252
E00056797,268
E00056798,245
E00056799,278
E00056800,266
E00056801,236
E00056802,376
E00056803,269
E00056804,322
E00056805,284
E00056806,234
E00056807,274
E00056808,261
E00056809,260
E00056810,294
E00056811,328
E00056812,273
E00056813,356
E00056814,284
E00056815,304
E00056816,225
E00056817,330
E00056818,207
E00056819,150
E00056820,224
E00056821,222
E00056822,406
E00056823,341
E00056825,342
E00056827,280
E00056828,214
E00056829,246
E00056830,322
E00056831,225
E00056832,245
E00056833,228
E00056834,405
E00056835,319
E00056836,223
E00056837,229
E00056838,277
E00056839,474
E00056840,409
E00056841,279
E00056842,319
E00056843,332
E00056845,342
E00056846,450
E00056847,397
E00056848,243
E00056849,256
E00056850,350
E00056851,321
E00056852,559
E00056853,342
E00056854,284
E00056855,262
E00056856,292
E00056858,256
E00056859,325
E00056861,295
E00056862,446
E00056863,374
E00056864,352
E00056865,282
E00056866,243
E00056867,338
E00056868,343
E00056869,338
E00056871,235
E00056873,332
E00056874,538
E00056875,249
E00056877,264
E00056878,304
E00056879,237
E00056880,252
E00056881,198
E00056882,362
E00056883,471
E00056884,306
E00056885,386
E00056886,149
E00056887,397
E00056888,194
E00056889,358
E00056890,281
E00056891,221
E00056892,284
E00056893,353
E00056894,396
E00056895,286
E00056897,236
E00056898,354
E00056899,313
E00056900,272
E00056901,202
E00056902,362
E00056903,463
E00056904,321
E00056905,290
E00056906,374
E00056907,302
E00056908,187
E00056909,400
E00056910,233
E00056911,285
E00056912,280
E00056913,343
E00056914,298
E00056915,297
E00056916,189
E00056917,298
E00056918,335
E00056919,247
E00056920,359
E00056921,437
E00056922,284
E00056923,272
E00056924,293
E00056925,292
E00056926,233
E00056927,380
E00056928,302
E00056929,277
E00056930,270
E00056931,344
E00056932,265
E00056933,327
E00056934,285
E00056935,198
E00056936,290
E00056937,155
E00056938,278
E00056939,336
E00056940,310
E00056941,387
E00056942,315
E00056943,366
E00056945,275
E00056946,351
E00056947,325
E00056948,398
E00056949,156
E00056950,292
E00056951,255
E00056952,270
E00056953,278
E00056954,290
E00056955,288
E00056956,258
E00056957,289
E00056958,293
E00056959,172
E00056960,365
E00056961,284
E00056962,543
E00056963,330
E00056964,296
E00056965,296
E00056966,253
E00056967,366
E00056968,440
E00056969,268
E00056970,334
E00056971,225
E00056972,192
E00056973,310
E00056974,376
E00056975,390
E00056976,419
E00056977,246
E00056978,280
E00056979,330
E00056981,290
E00056982,337
E00056983,300
E00056984,258
E00056985,328
E00056986,290
E00056987,342
E00056988,342
E00056989,339
E00056990,322
E00056991,431
E00056992,363
E00056993,364
E00056994,331
E00056995,333
E00056997,364
E00056998,625
E00056999,298
E00057000,288
E00057001,333
E00057002,260
E00057003,338
E00057004,203
E00057005,206
E00057006,259
E00057007,251
E00057008,230
E00057009,386
E00057010,234
E00057011,399
E00057012,504
E00057013,298
E00057014,382
E00057015,413
E00057016,433
E00057017,354
E00057018,287
E00057019,323
E00057020,442
E00057021,288
E00057022,387
E00057023,414
E00057024,365
E00057025,310
E00057026,308
E00057027,353
E00057028,337
E00057029,445
E00057030,265
E00057031,298
E00057032,399
E00057033,229
E00057034,470
E00057035,430
E00057036,418
E00057037,355
E00057038,387
E00057039,229
E00057040,288
E00057041,347
E00057042,342
E00057043,273
E00057044,282
E00057045,284
E00057046,323
E00057047,323
E00057048,466
E00057049,557
E00057050,259
E00057051,447
E00057052,323
E00057053,298
E00057054,397
E00057055,308
E00057056,346
E00057057,228
E00057058,319
E00057059,251
E00057060,277
E00057062,337
E00057063,251
E00057064,389
E00057065,195
E00057066,292
E00057067,406
E00057068,293
E00057069,288
E00057070,322
E00057071,235
E00057072,215
E00057073,298
E00057074,261
E00057075,282
E00057076,429
E00057077,267
E00057078,192
E00057079,288
E00057080,269
E00057081,414
E00057082,295
E00057083,220
E00057084,188
E00057085,281
E00057086,264
E00057087,284
E00057088,370
E00057089,256
E00057090,250
E00057091,310
E00057092,522
E00057093,266
E00057094,250
E00057095,261
E00057096,309
E00057097,309
E00057098,252
E00057099,202
E00057100,201
E00057101,264
E00057102,263
E00057103,231
E00057104,311
E00057105,285
E00057106,231
E00057107,277
E00057108,263
E00057109,445
E00057110,337
E00057111,312
E00057112,271
E00057113,224
E00057114,250
E00057115,238
E00057116,354
E00057117,223
E00057118,243
E00057119,267
E00057120,195
E00057121,227
E00057122,279
E00057123,259
E00057124,443
E00057125,427
E00057126,502
E00057127,359
E00057128,265
E00057129,294
E00057130,383
E00057131,403
E00057132,300
E00057133,320
E00057134,406
E00057135,423
E00057136,344
E00057137,352
E00057138,377
E00057139,327
E00057140,363
E00057141,377
E00057142,215
E00057144,361
E00057145,390
E00057146,207
E00057147,255
E00057148,249
E00057149,356
E00057150,272
E00057151,445
E00057152,284
E00057153,279
E00057154,323
E00057155,302
E00057156,254
E00057157,283
E00057158,320
E00057159,347
E00057160,344
E00057161,277
E00057162,327
E00057163,396
E00057164,275
E00057165,429
E00057167,284
E00057169,326
E00057170,310
E00057171,473
E00057172,425
E00057173,286
E00057175,355
E00057176,211
E00057177,478
E00057178,378
E00057180,510
E00057181,222
E00057182,211
E00057183,180
E00057184,205
E00057185,369
E00057186,272
E00057187,394
E00057188,331
E00057189,520
E00057190,274
E00057191,256
E00057192,259
E00057193,256
E00057194,302
E00057195,299
E00057196,277
E00057197,266
E00057198,366
E00057199,351
E00057200,441
E00057202,376
E00057204,465
E00057205,269
E00057206,260
E00057207,275
E00057208,434
E00057209,333
E00057210,438
E00057211,434
E00057212,259
E00057213,458
E00057214,340
E00057215,304
E00057216,441
E00057217,516
E00057218,341
E00057220,501
E00057221,347
E00057222,530
E00057223,395
E00057225,670
E00057226,314
E00057227,335
E00057228,301
E00057229,262
E00057230,263
E00057231,337
E00057232,495
E00057233,303
E00057234,236
E00057235,283
E00057236,290
E00057238,341
E00057239,317
E00057240,173
E00057241,397
E00057242,319
E00057244,522
E00057245,377
E00057246,141
E00057247,280
E00057248,322
E00057249,286
E00057250,235
E00057251,298
E00057252,346
E00057253,326
E00057254,403
E00057255,455
E00057256,265
E00057257,282
E00057258,170
E00057259,210
E00057261,309
E00057262,350
E00057264,360
E00057265,384
E00057266,582
E00057267,281
E00057268,169
E00057269,379
E00057270,491
E00057271,214
E00057272,361
E00057273,345
E00057274,286
E00057275,181
E00057276,303
E00057277,198
E00057278,211
E00057280,194
E00057281,315
E00057282,280
E00057283,340
E00057284,291
E00057285,367
E00057286,224
E00057287,434
E00057288,242
E00057289,324
E00057290,448
E00057291,317
E00057292,349
E00057293,329
E00057294,279
E00057295,249
E00057296,290
E00057297,249
E00057298,370
E00057300,366
E00057303,550
E00057304,283
E00057305,219
E00057307,163
E00057309,376
E00057310,314
E00057311,143
E00057312,161
E00057313,410
E00057315,211
E00057316,177
E00057322,287
E00057323,441
E00057325,176
E00057326,329
E00057327,183
E00057328,307
E00057329,272
E00057330,324
E00057331,272
E00057332,383
E00057333,349
E00057334,322
E00057335,350
E00057336,308
E00057337,302
E00057338,265
E00057339,307
E00057340,316
E00057341,287
E00057342,345
E00057343,360
E00057344,266
E00057345,245
E00057346,371
E00057347,298
E00057348,209
E00057349,319
E00057350,260
E00057351,205
E00057352,566
E00057353,521
E00057354,277
E00057355,414
E00057356,236
E00057357,285
E00057358,227
E00057359,242
E00057360,341
E00057361,362
E00057362,206
E00057363,229
E00057364,200
E00057365,196
E00057366,234
E00057367,304
E00057368,199
E00057369,198
E00057370,328
E00057371,263
E00057372,303
E00057374,333
E00057375,350
E00057376,361
E00057377,317
E00057378,314
E00057379,384
E00057380,370
E00057382,479
E00057383,280
E00057384,272
E00057385,213
E00057386,270
E00057387,224
E00057388,188
E00057389,270
E00057390,279
E00057391,297
E00057392,333
E00057393,308
E00057394,272
E00057395,263
E00057396,311
E00057397,303
E00057398,275
E00057399,393
E00057400,489
E00057401,365
E00057402,212
E00057403,601
E00057404,184
E00057405,300
E00057406,417
E00057407,260
E00057408,271
E00057409,368
E00057410,273
E00057411,484
E00057412,307
E00057413,266
E00057414,277
E00057415,202
E00057416,270
E00057417,333
E00057418,297
E00057419,723
E00057420,298
E00057421,356
E00057422,287
E00057423,325
E00057424,244
E00057425,335
E00057426,361
E00057427,428
E00057428,306
E00057429,271
E00057430,301
E00057431,499
E00057432,287
E00057433,300
E00057434,274
E00057435,293
E00057436,248
E00057437,291
E00057438,309
E00057439,242
E00057440,230
E00057441,324
E00057442,273
E00057443,228
E00057444,296
E00057445,289
E00057446,342
E00057447,312
E00057448,319
E00057449,270
E00057450,310
E00057451,287
E00057452,255
E00057453,348
E00057454,234
E00057455,309
E00057456,211
E00057457,243
E00057458,266
E00057459,335
E00057460,438
E00057461,222
E00057462,264
E00057463,280
E00057464,271
E00057465,322
E00057466,191
E00057467,412
E00057469,251
E00057470,309
E00057471,273
E00057472,287
E00057474,279
E00057475,239
E00057476,289
E00057477,283
E00057478,285
E00057479,197
E00057480,275
E00057481,271
E00057482,282
E00057483,266
E00057484,259
E00057485,785
E00057486,267
E00057487,255
E00057488,224
E00057489,247
E00057490,298
E00057491,290
E00057492,285
E00057493,363
E00057494,285
E00057495,341
E00057496,358
E00057497,303
E00057498,376
E00057499,292
E00057500,244
E00057501,398
E00057502,307
E00057503,383
E00057505,278
E00057506,255
E00057507,269
E00057508,231
E00057509,270
E00057510,238
E00057511,243
E00057512,277
E00057513,232
E00057514,234
E00057515,213
E00057516,211
E00057517,230
E00057518,311
E00057519,212
E00057520,278
E00057521,283
E00057522,272
E00057523,248
E00057524,280
E00057525,234
E00057527,259
E00057528,308
E00057529,292
E00057530,345
E00057531,271
E00057532,191
E00057533,307
E00057534,299
E00057535,311
E00057536,264
E00057537,282
E00057538,376
E00057539,271
E00057540,264
E00057541,249
E00057542,326
E00057543,488
E00057544,333
E00057545,233
E00057546,223
E00057547,239
E00057548,318
E00057549,283
E00057550,320
E00057551,278
E00057552,337
E00057553,306
E00057554,314
E00057555,261
E00057556,256
E00057557,279
E00057558,288
E00057559,392
E00057560,283
E00057561,269
E00057562,297
E00057563,204
E00057564,348
E00057565,299
E00057566,360
E00057567,562
E00057568,476
E00057570,619
E00057571,434
E00057573,346
E00057574,372
E00057575,389
E00057576,290
E00057577,566
E00057578,290
E00057579,390
E00057580,469
E00057581,400
E00057582,370
E00057583,391
E00057584,371
E00057585,350
E00057586,339
E00057587,349
E00057590,422
E00057591,341
E00057592,468
E00057593,462
E00057594,596
E00057595,639
E00057596,348
E00057597,514
E00057598,428
E00057599,290
E00057600,355
E00057601,311
E00057602,476
E00057603,408
E00057604,256
E00057605,405
E00057606,248
E00057607,456
E00057608,413
E00057609,314
E00057610,257
E00057611,381
E00057612,442
E00057613,311
E00057614,372
E00057615,445
E00057616,421
E00057617,347
E00057618,347
E00057619,254
E00057620,373
E00057621,366
E00057622,281
E00057623,333
E00057624,228
E00057625,311
E00057626,296
E00057627,270
E00057628,326
E00057629,338
E00057630,517
E00057631,269
E00057632,240
E00057633,225
E00057634,356
E00057635,318
E00057637,418
E00057638,370
E00057639,405
E00057641,272
E00057642,390
E00057643,373
E00057646,370
E00057647,287
E00057648,625
E00057649,520
E00057650,686
E00057651,418
E00057652,391
E00057653,288
E00057654,328
E00057655,309
E00057656,146
E00057657,360
E00057658,353
E00057659,415
E00057660,181
E00057661,591
E00057662,381
E00057663,420
E00057664,323
E00057665,301
E00057666,359
E00057667,263
E00057668,201
E00057669,335
E00057670,223
E00057671,150
E00057672,279
E00057673,280
E00057674,205
E00057675,198
E00057676,255
E00057679,248
E00057680,380
E00057681,435
E00057682,467
E00057683,231
E00057684,175
E00057685,132
E00057686,441
E00057687,243
E00057689,440
E00057690,461
E00057691,304
E00057692,310
E00057693,291
E00057695,293
E00057696,198
E00057697,230
E00057698,282
E00057699,302
E00057700,354
E00057701,260
E00057702,479
E00057703,514
E00057704,262
E00057705,376
E00057706,297
E00057707,299
E00057708,317
E00057709,376
E00057710,351
E00057711,331
E00057712,525
E00057713,360
E00057714,299
E00057715,283
E00057716,381
E00057717,289
E00057718,353
E00057719,322
E00057720,278
E00057721,320
E00057722,382
E00057723,415
E00057724,302
E00057725,299
E00057727,461
E00057728,309
E00057729,322
E00057730,254
E00057731,360
E00057732,487
E00057733,333
E00057734,380
E00057735,465
E00057736,264
E00057737,385
E00057738,526
E00057739,361
E00057740,308
E00057741,326
E00057742,349
E00057743,245
E00057744,355
E00057745,270
E00057746,246
E00057747,273
E00057748,313
E00057749,213
E00057751,249
E00057752,275
E00057753,245
E00057754,314
E00057755,326
E00057756,262
E00057757,242
E00057758,379
E00057759,206
E00057760,266
E00057761,276
E00057762,326
E00057763,343
E00057764,379
E00057765,325
E00057766,320
E00057767,274
E00057768,350
E00057769,361
E00057770,307
E00057771,284
E00057772,248
E00057773,292
E00057774,265
E00057775,335
E00057776,305
E00057777,296
E00057778,322
E00057779,336
E00057780,294
E00057781,255
E00057782,361
E00057783,396
E00057784,359
E00057785,347
E00057786,280
E00057787,492
E00057788,348
E00057789,321
E00057790,227
E00057791,336
E00057792,277
E00057793,237
E00057794,247
E00057795,321
E00057796,224
E00057797,371
E00057798,362
E00057799,177
E00057800,239
E00057801,300
E00057802,188
E00057803,294
E00057804,328
E00057805,297
E00057806,427
E00057807,139
E00057808,348
E00057809,207
E00057810,360
E00057811,323
E00057812,267
E00057813,197
E00057814,399
E00057815,286
E00057816,321
E00057817,310
E00057818,261
E00057819,324
E00057820,236
E00057821,208
E00057822,337
E00057823,302
E00057824,371
E00057826,301
E00057827,369
E00057829,210
E00057830,236
E00057831,286
E00057832,402
E00057833,481
E00057834,335
E00057835,380
E00057838,335
E00057839,295
E00057840,366
E00057841,330
E00057842,173
E00057843,275
E00057844,312
E00057845,328
E00057846,313
E00057847,239
E00057848,317
E00057849,555
E00057850,221
E00057851,286
E00057852,417
E00057853,181
E00057854,393
E00057855,377
E00057856,221
E00057857,274
E00057858,255
E00057859,478
E00057860,346
E00057861,296
E00057862,318
E00057863,237
E00057864,359
E00057865,296
E00057866,385
E00057867,337
E00057868,314
E00057869,325
E00057871,284
E00057872,223
E00057873,303
E00057874,247
E00057875,439
E00057876,400
E00057877,247
E00057878,289
E00057879,273
E00057880,214
E00057881,256
E00057882,241
E00057883,268
E00057884,259
E00057885,412
E00057887,478
E00057888,171
E00057889,389
E00057891,470
E00057892,302
E00057893,297
E00057894,464
E00057895,210
E00057896,234
E00057897,323
E00057898,378
E00057899,263
E00057900,273
E00057901,258
E00057902,446
E00057903,331
E00057904,325
E00057905,345
E00057906,278
E00057907,357
E00057908,297
E00057909,327
E00057911,371
E00057913,286
E00057914,261
E00057916,378
E00057917,455
E00057918,250
E00057919,405
E00057920,332
E00057921,330
E00057922,198
E00057923,383
E00057924,293
E00057925,250
E00057926,281
E00057927,338
E00057928,268
E00057929,364
E00057932,356
E00057933,238
E00057934,339
E00057935,435
E00057936,313
E00057937,280
E00057938,466
E00057939,379
E00057940,336
E00057941,297
E00057942,325
E00057943,277
E00057944,300
E00057945,179
E00057946,592
E00057947,225
E00057949,275
E00057950,370
E00057951,464
E00057952,259
E00057955,264
E00057956,339
E00057957,209
E00057959,357
E00057960,475
E00057961,455
E00057962,286
E00057963,329
E00057965,403
E00057966,251
E00057967,210
E00057968,265
E00057969,246
E00057970,205
E00057971,302
E00057972,309
E00057973,408
E00057974,344
E00057975,380
E00057976,245
E00057977,318
E00057978,387
E00057979,327
E00057980,470
E00057981,212
E00057982,278
E00057983,260
E00057984,357
E00057985,428
E00057986,331
E00057987,299
E00057988,315
E00057989,358
E00057990,268
E00057991,276
E00057992,340
E00057993,253
E00057994,266
E00057995,212
E00057996,342
E00057997,313
E00057998,182
E00057999,291
E00058000,303
E00058001,344
E00058002,272
E00058003,280
E00058004,268
E00058005,259
E00058006,241
E00058007,322
E00058008,157
E00058009,296
E00058010,360
E00058011,291
E00058012,280
E00058013,378
E00058014,329
E00058015,312
E00058016,642
E00058017,368
E00058018,241
E00058019,249
E00058020,337
E00058021,395
E00058022,182
E00058023,392
E00058024,387
E00058025,258
E00058026,265
E00058027,467
E00058028,335
E00058029,213
E00058030,333
E00058031,301
E00058032,305
E00058033,376
E00058034,337
E00058036,358
E00058037,335
E00058038,322
E00058039,357
E00058040,317
E00058041,440
E00058043,307
E00058044,289
E00058045,227
E00058047,255
E00058048,384
E00058049,246
E00058050,318
E00058051,263
E00058052,208
E00058053,307
E00058054,238
E00058055,325
E00058056,262
E00058057,408
E00058058,268
E00058059,565
E00058060,295
E00058061,272
E00058062,343
E00058063,260
E00058064,288
E00058065,120
E00058066,256
E00058067,348
E00058068,259
E00058069,302
E00058070,260
E00058071,284
E00058072,257
E00058073,562
E00058074,274
E00058075,390
E00058076,331
E00058077,278
E00058078,411
E00058079,322
E00058080,332
E00058081,232
E00058082,458
E00058083,268
E00058084,205
E00058086,282
E00058087,316
E00058088,273
E00058090,374
E00058091,478
E00058092,261
E00058093,287
E00058094,291
E00058095,297
E00058096,333
E00058097,241
E00058098,325
E00058099,314
E00058100,276
E00058101,344
E00058102,330
E00058103,297
E00058104,322
E00058105,313
E00058106,261
E00058107,323
E00058108,269
E00058109,231
E00058110,291
E00058111,379
E00058112,355
E00058113,239
E00058114,228
E00058115,547
E00058116,224
E00058117,231
E00058118,308
E00058119,226
E00058120,307
E00058121,478
E00058122,227
E00058123,274
E00058124,187
E00058125,302
E00058126,253
E00058127,288
E00058128,418
E00058129,285
E00058130,512
E00058131,316
E00058132,410
E00058133,331
E00058134,264
E00058135,280
E00058136,349
E00058137,250
E00058138,354
E00058139,261
E00058140,305
E00058141,332
E00058142,358
E00058143,350
E00058144,329
E00058145,330
E00058146,329
E00058147,238
E00058148,309
E00058149,273
E00058150,282
E00058151,298
E00058152,411
E00058153,289
E00058154,341
E00058155,313
E00058156,382
E00058157,355
E00058158,396
E00058159,192
E00058160,320
E00058161,355
E00058162,249
E00058163,357
E00058164,323
E00058165,440
E00058166,229
E00058167,239
E00058168,468
E00058169,312
E00058170,260
E00058171,260
E00058172,407
E00058173,308
E00058174,266
E00058175,363
E00058177,218
E00058178,381
E00058179,312
E00058180,277
E00058181,317
E00058182,292
E00058183,292
E00058184,256
E00058185,238
E00058186,520
E00058187,315
E00058188,313
E00058189,238
E00058190,255
E00058192,220
E00058193,290
E00058194,272
E00058195,266
E00058196,351
E00058197,192
E00058199,240
E00058200,293
E00058201,243
E00058202,277
E00058204,270
E00058205,653
E00058206,207
E00058207,329
E00058208,328
E00058209,283
E00058210,323
E00058212,383
E00058213,411
E00058214,344
E00058215,319
E00058216,227
E00058217,263
E00058218,328
E00058219,314
E00058220,460
E00058221,264
E00058222,266
E00058223,340
E00058224,261
E00058226,261
E00058227,252
E00058228,222
E00058229,354
E00058230,311
E00058231,260
E00058232,267
E00058233,384
E00058234,359
E00058235,249
E00058236,326
E00058237,360
E00058238,304
E00058239,338
E00058240,356
E00058241,301
E00058242,244
E00058243,254
E00058244,277
E00058245,256
E00058246,239
E00058247,248
E00058248,274
E00058249,277
E00058250,306
E00058251,311
E00058252,298
E00058253,306
E00058254,298
E00058255,345
E00058256,304
E00058257,287
E00058258,303
E00058259,270
E00058260,336
E00058261,252
E00058262,323
E00058263,285
E00058264,281
E00058265,338
E00058266,117
E00058267,308
E00058268,322
E00058269,333
E00058270,384
E00058271,236
E00058272,348
E00058273,193
E00058274,310
E00058275,329
E00058276,254
E00058277,201
E00058278,258
E00058279,324
E00058280,256
E00058281,226
E00058282,307
E00058283,331
E00058284,277
E00058285,139
E00058286,165
E00058287,402
E00058288,315
E00058289,299
E00058290,311
E00058291,224
E00058292,294
E00058293,289
E00058294,236
E00058295,329
E00058296,357
E00058297,337
E00058298,322
E00058299,342
E00058300,302
E00058301,225
E00058302,315
E00058303,323
E00058304,262
E00058305,262
E00058306,338
E00058307,302
E00058308,320
E00058309,309
E00058310,280
E00058311,314
E00058312,175
E00058313,373
E00058314,267
E00058315,301
E00058317,235
E00058318,220
E00058319,262
E00058320,290
E00058321,295
E00058322,265
E00058323,352
E00058325,263
E00058326,343
E00058327,460
E00058328,303
E00058329,262
E00058330,363
E00058331,344
E00058332,153
E00058333,288
E00058334,275
E00058335,224
E00058336,264
E00058337,278
E00058338,320
E00058339,475
E00058340,418
E00058341,283
E00058342,237
E00058343,256
E00058344,312
E00058345,271
E00058347,286
E00058348,289
E00058349,303
E00058350,290
E00058351,300
E00058352,277
E00058353,232
E00058354,376
E00058355,231
E00058356,322
E00058357,254
E00058358,269
E00058359,254
E00058360,246
E00058361,313
E00058362,292
E00058363,295
E00058364,360
E00058365,333
E00058366,320
E00058367,320
E00058368,247
E00058369,424
E00058370,204
E00058371,351
E00058372,308
E00058373,273
E00058374,267
E00058375,314
E00058376,286
E00058377,154
E00058378,306
E00058379,188
E00058380,259
E00058381,268
E00058382,310
E00058383,533
E00058384,346
E00058385,262
E00058386,601
E00058387,288
E00058388,292
E00058389,351
E00058390,334
E00058391,445
E00058392,354
E00058393,239
E00058394,263
E00058395,494
E00058396,417
E00058397,478
E00058398,400
E00058399,367
E00058400,308
E00058401,325
E00058402,340
E00058403,301
E00058404,372
E00058405,307
E00058406,299
E00058407,419
E00058408,289
E00058409,358
E00058410,250
E00058411,313
E00058412,330
E00058413,269
E00058414,273
E00058415,399
E00058416,366
E00058417,260
E00058419,305
E00058420,211
E00058421,304
E00058422,260
E00058423,348
E00058424,250
E00058425,243
E00058426,486
E00058427,386
E00058428,361
E00058429,327
E00058430,343
E00058432,218
E00058433,283
E00058434,304
E00058435,295
E00058436,261
E00058437,212
E00058438,232
E00058439,273
E00058440,270
E00058441,328
E00058442,305
E00058443,291
E00058444,387
E00058445,353
E00058446,288
E00058447,404
E00058448,248
E00058449,453
E00058450,269
E00058451,292
E00058452,430
E00058453,382
E00058454,391
E00058455,494
E00058456,263
E00058457,362
E00058458,573
E00058459,224
E00058460,194
E00058461,225
E00058462,289
E00058463,281
E00058464,346
E00058465,265
E00058466,322
E00058467,287
E00058468,330
E00058469,351
E00058470,420
E00058471,246
E00058472,338
E00058473,293
E00058474,356
E00058475,343
E00058476,299
E00058477,352
E00058478,419
E00058479,448
E00058481,520
E00058482,371
E00058484,282
E00058485,307
E00058486,398
E00058487,301
E00058488,328
E00058489,312
E00058490,366
E00058491,354
E00058492,378
E00058493,279
E00058494,186
E00058495,340
E00058496,270
E00058498,408
E00058499,337
E00058500,323
E00058501,309
E00058502,312
E00058503,292
E00058504,315
E00058505,285
E00058506,295
E00058507,272
E00058508,324
E00058509,250
E00058510,265
E00058511,329
E00058512,321
E00058513,264
E00058514,271
E00058515,254
E00058516,194
E00058517,381
E00058518,329
E00058519,218
E00058520,233
E00058521,249
E00058522,252
E00058523,247
E00058524,378
E00058525,265
E00058526,288
E00058527,358
E00058528,241
E00058529,217
E00058530,168
E00058531,391
E00058532,272
E00058533,313
E00058534,239
E00058535,357
E00058536,256
E00058537,321
E00058538,368
E00058539,331
E00058540,305
E00058541,301
E00058543,241
E00058544,578
E00058545,254
E00058546,501
E00058547,300
E00058548,371
E00058549,372
E00058550,506
E00058551,365
E00058552,354
E00058554,300
E00058555,421
E00058556,281
E00058557,261
E00058558,398
E00058559,314
E00058561,267
E00058562,264
E00058563,359
E00058564,513
E00058565,295
E00058566,289
E00058567,379
E00058568,250
E00058571,445
E00058572,528
E00058573,313
E00058574,296
E00058575,209
E00058576,410
E00058577,294
E00058578,383
E00058579,318
E00058580,308
E00058581,350
E00058583,148
E00058585,346
E00058586,242
E00058587,287
E00058588,324
E00058589,320
E00058590,350
E00058591,249
E00058592,433
E00058593,346
E00058594,321
E00058595,291
E00058596,369
E00058597,413
E00058598,257
E00058599,272
E00058600,344
E00058601,328
E00058602,254
E00058603,211
E00058604,279
E00058605,565
E00058606,318
E00058607,399
E00058608,418
E00058609,409
E00058610,327
E00058611,326
E00058612,281
E00058613,326
E00058614,286
E00058616,328
E00058618,222
E00058619,304
E00058620,320
E00058621,258
E00058622,237
E00058623,253
E00058624,269
E00058625,273
E00058626,260
E00058627,107
E00058628,313
E00058629,284
E00058630,343
E00058631,232
E00058632,286
E00058633,278
E00058634,227
E00058635,266
E00058636,318
E00058637,276
E00058638,272
E00058639,385
E00058640,440
E00058642,328
E00058643,285
E00058644,251
E00058646,260
E00058647,246
E00058648,259
E00058649,307
E00058650,240
E00058651,276
E00058652,404
E00058653,290
E00058654,270
E00058655,234
E00058656,278
E00058657,245
E00058658,289
E00058659,253
E00058660,268
E00058661,228
E00058662,229
E00058663,245
E00058664,281
E00058665,289
E00058666,247
E00058667,166
E00058668,347
E00058669,395
E00058670,275
E00058671,376
E00058672,382
E00058673,319
E00058674,235
E00058675,308
E00058676,352
E00058677,351
E00058678,435
E00058679,620
E00058680,275
E00058681,395
E00058682,494
E00058683,242
E00058684,352
E00058685,308
E00058686,429
E00058687,346
E00058688,341
E00058689,336
E00058690,353
E00058691,381
E00058692,282
E00058693,343
E00058694,246
E00058695,286
E00058696,284
E00058697,202
E00058698,333
E00058699,389
E00058700,293
E00058701,431
E00058702,315
E00058703,368
E00058704,379
E00058705,139
E00058706,303
E00058707,375
E00058708,335
E00058709,314
E00058710,362
E00058711,272
E00058712,344
E00058713,354
E00058714,370
E00058715,455
E00058716,458
E00058717,530
E00058718,386
E00058719,496
E00058720,505
E00058721,361
E00058722,253
E00058723,318
E00058724,295
E00058725,220
E00058726,215
E00058727,315
E00058728,194
E00058729,273
E00058730,236
E00058731,306
E00058732,301
E00058733,308
E00058734,376
E00058735,256
E00058736,378
E00058737,134
E00058738,276
E00058739,249
E00058740,289
E00058741,161
E00058742,311
E00058743,416
E00058744,485
E00058745,310
E00058746,406
E00058747,282
E00058748,277
E00058749,337
E00058750,199
E00058751,153
E00058752,277
E00058753,405
E00058754,274
E00058755,634
E00058756,569
E00058757,285
E00058759,317
E00058760,189
E00058761,389
E00058762,477
E00058764,304
E00058765,282
E00058766,436
E00058767,308
E00058768,236
E00058769,469
E00058770,280
E00058771,310
E00058772,229
E00058773,226
E00058774,203
E00058775,289
E00058776,382
E00058777,264
E00058778,249
E00058779,277
E00058780,342
E00058781,375
E00058782,339
E00058783,296
E00058784,316
E00058785,204
E00058786,321
E00058787,293
E00058788,259
E00058789,337
E00058790,263
E00058791,262
E00058792,349
E00058793,256
E00058794,438
E00058795,288
E00058796,291
E00058797,252
E00058798,322
E00058799,325
E00058800,275
E00058801,298
E00058802,190
E00058803,199
E00058805,438
E00058806,504
E00058807,283
E00058808,522
E00058809,480
E00058810,430
E00058811,197
E00058812,268
E00058813,362
E00058814,229
E00058816,338
E00058818,229
E00058821,383
E00058823,261
E00058826,313
E00058827,132
E00058828,250
E00058829,158
E00058830,149
E00058831,150
E00058832,370
E00058833,157
E00058834,282
E00058836,164
E00058837,271
E00058838,419
E00058840,273
E00058842,127
E00058843,308
E00058844,269
E00058847,301
E00058849,330
E00058850,222
E00058851,191
E00058852,299
E00058853,255
E00058854,351
E00058855,223
E00058856,305
E00058858,233
E00058859,116
E00058861,294
E00058862,240
E00058864,433
E00058865,368
E00058866,1310
E00058867,126
E00058869,252
E00058870,231
E00058871,122
E00058872,183
E00058873,226
E00058874,307
E00058875,113
E00058876,282
E00058877,501
E00058878,272
E00058879,336
E00058880,382
E00058881,807
E00058884,73
E00058885,334
E00058887,367
E00058889,287
E00058890,209
E00058891,224
E00058892,155
E00058893,276
E00058894,326
E00058895,220
E00058896,296
E00058897,335
E00058898,406
E00058899,443
E00058900,337
E00058902,582
E00058903,281
E00058904,383
E00058905,204
E00058906,193
E00058907,405
E00058909,165
E00058910,317
E00058911,330
E00058912,331
E00058913,142
E00058914,329
E00058915,201
E00058917,318
E00058918,220
E00058919,350
E00058920,156
E00058921,244
E00058922,178
E00058923,235
E00058924,267
E00058925,210
E00058926,441
E00058927,184
E00058928,273
E00058929,224
E00058930,291
E00058931,274
E00058932,328
E00058933,292
E00058934,290
E00058935,190
E00058936,249
E00058937,305
E00058938,349
E00058939,200
E00058940,180
E00058941,233
E00058942,302
E00058943,209
E00058944,277
E00058945,342
E00058947,314
E00058948,282
E00058949,302
E00058950,337
E00058951,283
E00058952,279
E00058953,247
E00058954,275
E00058955,287
E00058956,168
E00058957,322
E00058958,219
E00058959,326
E00058960,241
E00058961,318
E00058962,402
E00058963,381
E00058964,384
E00058965,302
E00058966,301
E00058967,399
E00058968,378
E00058969,172
E00058970,270
E00058971,340
E00058972,285
E00058973,341
E00058974,332
E00058975,444
E00058976,473
E00058977,284
E00058978,301
E00058979,246
E00058980,227
E00058981,382
E00058982,288
E00058983,301
E00058984,299
E00058985,213
E00058986,315
E00058987,304
E00058988,239
E00058989,373
E00058990,515
E00058991,240
E00058992,256
E00058993,232
E00058994,355
E00058995,373
E00058996,364
E00058997,305
E00058998,368
E00058999,247
E00059000,255
E00059001,280
E00059002,334
E00059003,235
E00059004,272
E00059005,376
E00059006,261
E00059007,232
E00059008,280
E00059010,187
E00059011,336
E00059012,260
E00059013,332
E00059014,365
E00059015,581
E00059016,518
E00059017,316
E00059018,373
E00059019,263
E00059020,249
E00059021,277
E00059022,272
E00059023,292
E00059024,278
E00059025,485
E00059026,210
E00059027,182
E00059028,255
E00059029,214
E00059030,276
E00059031,523
E00059032,298
E00059033,210
E00059034,237
E00059035,183
E00059036,321
E00059037,235
E00059038,271
E00059039,247
E00059040,332
E00059041,253
E00059042,279
E00059043,204
E00059044,299
E00059045,274
E00059047,171
E00059048,258
E00059049,248
E00059050,379
E00059051,462
E00059052,301
E00059053,253
E00059054,446
E00059055,282
E00059056,285
E00059057,473
E00059058,282
E00059059,350
E00059060,297
E00059061,181
E00059062,239
E00059063,343
E00059064,396
E00059065,355
E00059066,280
E00059067,210
E00059068,385
E00059069,272
E00059071,300
E00059073,300
E00059074,344
E00059075,239
E00059076,292
E00059077,187
E00059078,315
E00059079,177
E00059080,294
E00059081,348
E00059082,444
E00059083,338
E00059084,359
E00059085,267
E00059086,479
E00059087,351
E00059088,341
E00059089,377
E00059090,342
E00059091,345
E00059092,441
E00059093,220
E00059094,324
E00059095,257
E00059096,346
E00059097,283
E00059098,143
E00059099,254
E00059100,250
E00059101,266
E00059102,350
E00059103,291
E00059104,299
E00059105,249
E00059106,360
E00059107,333
E00059108,283
E00059109,387
E00059110,284
E00059111,337
E00059112,359
E00059113,297
E00059114,240
E00059115,279
E00059116,252
E00059117,267
E00059118,313
E00059119,259
E00059120,329
E00059121,296
E00059122,269
E00059123,345
E00059124,439
E00059125,502
E00059126,249
E00059127,207
E00059128,305
E00059129,448
E00059130,398
E00059131,290
E00059132,224
E00059133,203
E00059134,336
E00059135,260
E00059136,233
E00059137,304
E00059138,312
E00059139,326
E00059140,270
E00059141,348
E00059142,256
E00059143,265
E00059144,270
E00059146,261
E00059147,221
E00059148,235
E00059149,286
E00059150,270
E00059151,250
E00059152,310
E00059153,296
E00059154,248
E00059155,248
E00059156,289
E00059157,124
E00059158,240
E00059159,254
E00059160,285
E00059161,614
E00059163,353
E00059164,208
E00059165,267
E00059166,275
E00059167,224
E00059168,242
E00059169,251
E00059170,199
E00059171,329
E00059172,225
E00059173,192
E00059174,270
E00059175,258
E00059176,330
E00059177,305
E00059178,328
E00059179,343
E00059180,281
E00059181,303
E00059182,273
E00059183,281
E00059184,263
E00059185,287
E00059186,316
E00059187,234
E00059188,347
E00165673,208
E00165674,291
E00165675,193
E00165676,296
E00165677,360
E00165678,243
E00165679,326
E00165680,532
E00165681,397
E00165682,237
E00165683,269
E00165684,373
E00165685,201
E00165686,267
E00165687,350
E00165688,182
E00165689,147
E00165690,275
E00165691,461
E00165692,336
E00165693,334
E00165694,341
E00165695,364
E00165696,204
E00169576,186
E00169578,229
E00169579,256
E00169581,259
E00169583,742
E00169584,311
E00169586,215
E00169587,350
E00169589,261
E00169590,316
E00169592,218
E00169593,234
E00169595,266
E00169597,555
E00169598,205
E00169606,244
E00169607,603
E00169609,1313
E00169611,403
E00169612,323
E00169617,337
E00169618,256
E00169620,359
E00169621,495
E00169625,230
E00169626,706
E00169629,381
E00169738,312
E00169739,518
E00169740,355
E00169741,299
E00169742,220
E00169744,189
E00169745,262
E00169746,633
E00169747,515
E00169748,1029
E00169749,270
E00169750,323
E00169751,284
E00169752,208
E00169753,351
E00169754,241
E00169755,534
E00169780,191
E00169783,185
E00169786,102
E00169788,603
E00169789,231
E00169792,325
E00169794,430
E00169796,149
E00169797,187
E00169800,152
E00169802,154
E00169803,101
E00169805,184
E00169806,179
E00169810,95
E00169811,280
E00169813,141
E00169814,228
E00169817,189
E00170037,261
E00170040,135
E00170041,696
E00170043,126
E00170044,145
E00170048,248
E00170049,266
E00170051,160
E00170052,117
E00170055,285
E00170057,431
E00170259,252
E00170262,69
E00170264,201
E00170265,308
E00170267,148
E00170268,265
E00170270,473
E00170271,550
E00170276,139
E00170327,387
E00170329,192
E00170332,274
E00170433,366
E00170435,416
E00170436,334
E00170438,197
E00170439,423
E00170441,175
E00170443,289
E00170444,387
E00170446,87
E00170447,414
E00170449,220
E00170450,236
E00170452,459
E00170453,154
E00170455,250
E00170457,301
E00170458,124
E00170459,268
E00170460,237
E00170461,357
E00170462,614
E00170463,212
E00170464,255
E00170465,307
E00170466,284
E00170467,345
E00170469,338
E00170470,153
E00170471,263
E00170472,334
E00170473,339
E00170474,240
E00170475,154
E00170476,209
E00170564,588
E00170565,512
E00170567,370
E00170568,156
E00170570,474
E00170575,333
E00170576,152
E00170578,143
E00170581,588
E00170582,437
E00170584,438
E00170586,309
E00170587,195
E00170589,250
E00170590,322
E00170592,216
E00170593,1135
E00170595,228
E00170596,74
E00170598,288
E00170600,439
E00170601,284
E00170603,416
E00170606,357
E00170609,193
E00170610,252
E00170612,261
E00170615,606
E00170617,192
E00170618,231
E00170620,212
E00170621,219
E00170623,167
E00170887,558
E00170888,331
E00170889,668
E00170890,231
E00187024,730
E00187025,1015
E00187026,587
E00187027,276
E00187028,293
E00187029,459
E00187030,393
E00187031,145
E00187032,275
E00187033,264
E00187034,193
E00187035,380
E00187036,151
E00187037,337
E00187038,430
E00187039,198
E00187040,367
E00187041,393
E00187042,259
E00187043,280
E00187044,354
E00187045,448
E00187046,371
E00187047,1077
E00187048,463
E00187049,309
E00187050,198
E00187051,102
E00187052,225
E00187053,204
E00187054,169
E00187055,382
E00187056,247
E00187057,124
E00187058,161
E00187059,339
E00187060,504
E00187061,240
E00187062,489
E00187063,362
E00187064,104
E00187065,324
E00187066,271
E00187067,256
E00187068,205
E00187069,381
E00187070,345
E00187071,386
E00187072,315
E00187073,265
E00187074,204
E00187075,358
E00187076,301
E00187077,273
E00187078,424
E00187079,397
E00187080,160
E00187081,331
E00187082,266
E00187083,233
E00187084,291
E00187085,275
E00187086,254
E00187087,99
E00187088,191
E00187089,151
E00187090,515
E00187091,114
E00187092,373
E00187093,186
E00187094,120
E00187095,193
E00187096,282
E00187097,355
E00187098,695
E00187099,526
E00187100,163
E00187101,383
E00187102,235
E00187103,463
E00187104,145
E00187105,369
E00187106,350
E00187107,284
E00187108,168
E00187109,205
E00187110,3253
E00187111,171
E00187112,411
E00187113,4
E00187114,476
E00187115,336
E00187116,140
E00187117,277
E00187118,256
E00187119,1312
E00187120,350
E00187121,376
E00187122,188
E00187123,166
E00187124,301
E00187125,410
E00187126,120
E00187127,314
E00187128,195
E00187129,509
E00187130,322
E00187131,263
E00187132,198
E00187133,331
E00187134,547
E00187135,167
E00187136,313
E00187137,1688
E00187138,125
E00187139,302
E00187140,296
E00187141,465
E00187142,335
E00187143,340
E00187144,202
E00187145,626
E00187146,184
E00187147,309
E00187148,627
E00187149,405
E00187150,535
E00187151,145
E00187152,1555
E00187153,263
